id,uid,password,first_name,last_name,username,email,avatar,gender,phone_number,social_insurance_number,date_of_birth
8765,7cc8dd9a-dc41-45dc-a23b-3268339f1380,W7NMRlC5BD,Muriel,Daniel,muriel.daniel,muriel.daniel@email.com,https://robohash.org/liberoetest.png?size=300x300&set=set1,Genderqueer,+213 (432) 042-1416,418437893,1990-07-21
2964,8223dd13-92cf-4454-8287-9d1095f0c3f3,jyMlYQX3Nr,Jon,Bauch,jon.bauch,jon.bauch@email.com,https://robohash.org/excepturidolorsunt.png?size=300x300&set=set1,Bigender,+245 373.673.4516,638452912,1999-05-04
6176,85a37730-258c-4cad-934e-5c21a2186d2a,01dKON5qxc,Chassidy,Cremin,chassidy.cremin,chassidy.cremin@email.com,https://robohash.org/laborecumincidunt.png?size=300x300&set=set1,Agender,+381 (955) 644-3910 x40512,566254314,2002-04-27
3569,16c8b4b3-8367-4512-aab1-6928f2eb9509,LfCk7cUwg6,Delaine,Ritchie,delaine.ritchie,delaine.ritchie@email.com,https://robohash.org/estnonquisquam.png?size=300x300&set=set1,Male,+260 1-710-068-1282 x98190,923489264,1972-09-15
3113,56842979-401a-4c90-96db-a53bf13e1098,kJAmljfIMo,Elliot,Dickens,elliot.dickens,elliot.dickens@email.com,https://robohash.org/occaecatidoloremquemagnam.png?size=300x300&set=set1,Male,+686 (937) 876-2646 x448,681922910,2005-12-03
8890,711fb091-2587-4089-aa24-de1136a4084f,xKErFROGz5,Sulema,Maggio,sulema.maggio,sulema.maggio@email.com,https://robohash.org/ameteanesciunt.png?size=300x300&set=set1,Female,+977 1-304-490-6152 x51247,415004027,1996-09-18
1585,7ac742b7-3c85-4323-94f4-77fe105ad385,u7DYAML8Ud,Lonny,Stehr,lonny.stehr,lonny.stehr@email.com,https://robohash.org/quieumeum.png?size=300x300&set=set1,Genderqueer,+81 1-867-863-3853 x0228,179834627,1961-10-20
2673,c4a96fd0-b009-42b0-90f2-6f6d738599ed,B0JFsdGZfx,Kala,Wilkinson,kala.wilkinson,kala.wilkinson@email.com,https://robohash.org/rerumautprovident.png?size=300x300&set=set1,Non-binary,+291 1-843-065-1505 x2087,355093808,1990-11-19
6907,330cec02-88d2-48b6-a0f6-eab0169b556a,pA5e741Mla,Carroll,Crist,carroll.crist,carroll.crist@email.com,https://robohash.org/quidemmollitiaomnis.png?size=300x300&set=set1,Male,+92 (947) 857-0031,555633965,1977-03-18
3275,98d77872-cc6e-45f6-8b9a-92219d8a4c69,N7gJ12wqWS,Maxine,Jones,maxine.jones,maxine.jones@email.com,https://robohash.org/quisquamquicorrupti.png?size=300x300&set=set1,Bigender,+234 769-905-3809 x25018,330402769,1969-03-01