id,uid,password,first_name,last_name,username,email,avatar,gender,phone_number,social_insurance_number,date_of_birth
6465,8cf43615-9c3a-4301-b916-5db307a2785f,Z0CPgjJutp,Steven,Huels,steven.huels,steven.huels@email.com,https://robohash.org/voluptateeaquequia.png?size=300x300&set=set1,Bigender,+264 181.332.5350 x7947,457603124,1978-02-23
4205,052f8944-7aba-4e94-8377-c2cf2af28026,YCinQBV2dv,Blake,Murphy,blake.murphy,blake.murphy@email.com,https://robohash.org/etfugitquia.png?size=300x300&set=set1,Bigender,+39 521.902.3606 x21380,103678520,1971-06-24
9333,e785bc02-1d3b-4b42-96aa-eb5658ed0f72,JO98PxpFCk,Lonny,Shields,lonny.shields,lonny.shields@email.com,https://robohash.org/voluptasautsaepe.png?size=300x300&set=set1,Female,+962 613-252-7136 x67914,589731769,1978-09-03
1915,f6bc8f30-4783-41aa-be75-f1fa7f1ccd33,PsbHVvAugO,Donnell,Quitzon,donnell.quitzon,donnell.quitzon@email.com,https://robohash.org/solutaesseiure.png?size=300x300&set=set1,Genderfluid,+84 (889) 127-3600 x423,735311094,1982-06-16
7402,0912536f-9e71-4b02-b492-c04eff51a990,B126lkAFs8,Ernestine,McGlynn,ernestine.mcglynn,ernestine.mcglynn@email.com,https://robohash.org/quianonnobis.png?size=300x300&set=set1,Polygender,+856 (182) 752-7756 x762,625697875,1975-06-23
1119,5ecaceeb-1f68-43d1-ac0e-9c2f641c718a,BjtYP03vOG,Walton,Huel,walton.huel,walton.huel@email.com,https://robohash.org/eiusminimadebitis.png?size=300x300&set=set1,Female,+34 415.224.0048,252229265,2000-12-25
3541,2da2b800-ee8a-4371-af62-cbf02fb4afb6,HWGb3IORig,Felipe,Hudson,felipe.hudson,felipe.hudson@email.com,https://robohash.org/suntquisomnis.png?size=300x300&set=set1,Polygender,+993 1-560-571-7780 x148,311833420,1984-05-02
8226,908df064-7620-4f6b-b9c7-2976dda9059f,XhTFS1wQlB,Cassie,O'Keefe,cassie.o'keefe,cassie.o'keefe@email.com,https://robohash.org/adipisciidcum.png?size=300x300&set=set1,Non-binary,+41 544-704-7929 x801,214891871,1980-09-02
5936,2b7e5a4a-df61-4865-b1c6-2b081fbcdad2,GSai5knKsJ,Tyesha,Schuppe,tyesha.schuppe,tyesha.schuppe@email.com,https://robohash.org/quisintipsa.png?size=300x300&set=set1,Agender,+264 (333) 528-7686,500336706,1980-12-12
9758,de586f20-0d82-4b5e-bb8e-b8a879dcbb50,Xqlx5UEdkt,Rosella,Senger,rosella.senger,rosella.senger@email.com,https://robohash.org/oditfacilisnon.png?size=300x300&set=set1,Non-binary,+1 753.790.7562 x7991,405809906,1967-11-15